id,question
0,What is the correct starting position for doing push-ups?
0,Which muscle groups are primarily activated during push-ups?
0,How should I lower my body while performing a push-up?
0,What type of equipment do I need for push-ups?
0,Can you describe the motion involved in completing a push-up?
1,What is the primary muscle group activated when performing squats?
1,"Do I need any equipment to do squats, or can I do them with just my body weight?"
1,What position should my feet be in while performing squats?
1,Can you describe the proper form for lowering my body during a squat?
1,What is the main purpose of squats in a workout routine?
2,What is the starting position for performing a plank exercise?
2,Which muscle groups does the plank primarily activate?
2,Do I need any equipment to do the plank exercise?
2,How should I align my body while holding the plank?
2,Is the plank considered a strength or mobility exercise?
3,What is the primary muscle group activated during a deadlift?
3,Can you describe the proper stance for performing a deadlift?
3,What type of equipment do I need to do a deadlift?
3,Is the deadlift considered a pulling or pushing exercise?
3,What body parts does the deadlift primarily work on?
4,What type of equipment is needed to perform bicep curls?
4,Which muscle groups are activated during bicep curls?
4,Can you explain the correct position for my arms when doing bicep curls?
4,Is bicep curls considered a strength exercise?
4,What part of the body does bicep curls primarily target?
5,What are the primary muscle groups activated during the Kettlebell Swing exercise?
5,Can you explain the proper stance for performing the Kettlebell Swing?
5,How do I perform the swinging motion correctly with the kettlebell?
5,Is the Kettlebell Swing considered a cardio or strength exercise?
5,What body part does the Kettlebell Swing primarily target?
6,What equipment do I need to perform the Shoulder Press exercise?
6,Which muscle groups will be activated when I do the Shoulder Press?
6,Can you explain the proper form for executing the Shoulder Press?
6,Is the Shoulder Press considered a strength training exercise?
6,What body part does the Shoulder Press primarily target?
7,What is the primary muscle group worked during the Lat Pulldown exercise?
7,Can you explain the correct grip position for the Lat Pulldown?
7,What should I do with the bar once I pull it down to my chest?
7,Is the Lat Pulldown exercise suitable for strengthening the biceps?
7,What type of equipment do I need to perform the Lat Pulldown?
8,What type of exercise is the Hamstring Stretch?
8,Which part of the body does the Hamstring Stretch target?
8,What equipment do I need to perform the Hamstring Stretch?
8,Can you describe how to properly execute the Hamstring Stretch?
8,Which muscle group is activated during the Hamstring Stretch?
9,What muscles are engaged when performing Jumping Jacks?
9,How do I properly execute the Jumping Jacks movement?
9,Is jumping jacks considered a warm-up or cardio exercise?
9,Do I need any equipment to do Jumping Jacks?
9,What body parts does Jumping Jacks target?
10,What equipment do I need to perform the Bench Press exercise?
10,Which muscle groups are primarily activated during the Bench Press?
10,Can you describe the steps to correctly execute the Bench Press?
10,What body part does the Bench Press mainly target?
10,Is the Bench Press considered a push or pull exercise?
11,What are the main muscle groups targeted by lunges?
11,Can lunges be performed without equipment?
11,What is the correct form for executing lunges?
11,What type of activity are lunges classified as?
11,How should I position my knees during a lunge?
12,What is the proper grip for performing pull-ups?
12,Which muscle groups are primarily worked during pull-ups?
12,Can you explain how to lower my body correctly after pulling up?
12,"Is any equipment needed to do pull-ups, or is it bodyweight only?"
12,What part of the body does this exercise primarily target?
13,What type of exercise are Mountain Climbers categorized as?
13,What equipment do I need for Mountain Climbers?
13,Which body part is primarily targeted by Mountain Climbers?
13,Can you explain how to perform Mountain Climbers correctly?
13,Which muscle groups are activated while doing Mountain Climbers?
14,What are the main muscles worked during Leg Raises?
14,How should I position my body while performing Leg Raises?
14,Is any equipment needed for Leg Raises?
14,What type of exercise is Leg Raises classified as?
14,What is the correct technique for lifting my legs during the exercise?
15,What equipment do I need for Tricep Dips?
15,Which muscles are primarily targeted by Tricep Dips?
15,Can you explain how to perform Tricep Dips correctly?
15,Is Tricep Dips suitable for upper body strength training?
15,What type of exercise is Tricep Dips classified as?
16,What is the proper starting position for Russian Twists?
16,Which muscle groups are mainly worked during Russian Twists?
16,How should my body be positioned when performing the twists?
16,What equipment do I need to do Russian Twists?
16,Can you explain the twisting motion of the exercise?
17,What is the primary body part worked by doing burpees?
17,Can you explain the steps to correctly perform a burpee?
17,What muscle groups are activated when performing burpees?
17,Is any equipment needed to do burpees?
17,How would you classify burpees in terms of exercise type?
18,What equipment do I need to perform Dumbbell Rows?
18,Which muscle groups are primarily activated during Dumbbell Rows?
18,Can you explain the proper form for executing Dumbbell Rows?
18,What body part is targeted by performing Dumbbell Rows?
18,What type of exercise are Dumbbell Rows classified as?
19,What equipment do I need to perform Goblet Squats?
19,Which muscle groups are primarily targeted by Goblet Squats?
19,Can you describe the proper form for performing Goblet Squats?
19,Is Goblet Squat a push or pull type of exercise?
19,What part of the body does Goblet Squats focus on?
20,What is the primary focus muscle group targeted by the Glute Bridge exercise?
20,Can the Glute Bridge be performed without any equipment?
20,What position should my body be in during the Glute Bridge?
20,Is the Glute Bridge classified as a pushing or pulling exercise?
20,Which body part is primarily engaged during the Glute Bridge?
21,What is the correct way to hold the dumbbell for the Overhead Tricep Extension?
21,Which muscles are primarily targeted by the Overhead Tricep Extension exercise?
21,Can I perform the Overhead Tricep Extension without any equipment?
21,What body part does the Overhead Tricep Extension primarily focus on?
21,What movement should I avoid while performing the Overhead Tricep Extension?
22,What is the main focus of the Side Plank exercise?
22,Which equipment do I need to perform the Side Plank?
22,How do I correctly position my body for the Side Plank?
22,What muscle groups are primarily activated during the Side Plank?
22,What is the type of activity involved in the Side Plank exercise?
23,What equipment do I need to perform Cable Flyes?
23,Which body part does Cable Flyes primarily target?
23,Can you explain the proper form for performing Cable Flyes?
23,What type of exercise is Cable Flyes classified as?
23,What muscle groups are activated during Cable Flyes?
24,What is the primary exercise focus of Step-Ups?
24,Which muscle groups are engaged during the Step-Ups?
24,Do I need any equipment to perform Step-Ups?
24,Can Step-Ups be considered a strength exercise?
24,What are the basic instructions for correctly performing Step-Ups?
25,What is the primary muscle group worked by Barbell Rows?
25,What type of equipment do I need for Barbell Rows?
25,Can you describe the stance I should take while performing Barbell Rows?
25,What is the initial position of the barbell before starting the exercise?
25,Is Barbell Rows considered a push or pull exercise?
26,What equipment do I need for the Chest Press exercise?
26,Which muscle groups are primarily activated during the Chest Press?
26,Can you explain the steps to perform the Chest Press correctly?
26,Is the Chest Press considered a strength training exercise?
26,What part of the body does the Chest Press primarily target?
27,What is the main purpose of doing box jumps?
27,Which muscle groups are targeted when performing box jumps?
27,Do I need any equipment to do box jumps?
27,Can you describe the proper technique for box jumps?
27,What body part does box jumps primarily work out?
28,What equipment do I need to perform Hanging Leg Raises?
28,Which muscles are primarily targeted by Hanging Leg Raises?
28,What is the correct form for performing Hanging Leg Raises?
28,What type of activity are Hanging Leg Raises categorized as?
28,How should I lower my legs during the exercise?
29,What muscles are primarily engaged during the Farmer's Walk exercise?
29,How should I maintain my posture while performing the Farmer's Walk?
29,What type of equipment do I need for the Farmer's Walk?
29,Is the Farmer's Walk considered a strength exercise or a cardio activity?
29,Can I perform the Farmer's Walk with a single dumbbell instead of two?
30,What muscles are primarily worked during calf raises?
30,Can you explain how to perform calf raises correctly?
30,Do I need any equipment to do calf raises?
30,Which part of the body do calf raises target?
30,Is this exercise classified as strength training or something else?
31,What muscle groups are activated when doing Battle Ropes?
31,Can you explain the proper technique for using Battle Ropes?
31,"Is this exercise considered cardio, strength, or both?"
31,Which part of the body does Battle Ropes primarily target?
31,Do I need any specific equipment to perform Battle Ropes?
32,What are the primary muscle groups targeted by the Medicine Ball Slams exercise?
32,Can you explain the proper technique for performing Medicine Ball Slams?
32,Is the Medicine Ball Slams considered a cardio or strength exercise?
32,What type of equipment do I need to perform Medicine Ball Slams?
32,Which body parts are engaged while doing Medicine Ball Slams?
33,What is the primary muscle group activated during the Dumbbell Deadlift?
33,Can you describe the starting position for performing a Dumbbell Deadlift?
33,What type of equipment is required for the Dumbbell Deadlift exercise?
33,What is the correct stance width for the Dumbbell Deadlift?
33,Is the Dumbbell Deadlift considered a push or pull exercise?
34,What is the correct starting position for the Push Press exercise?
34,Which muscle groups are primarily worked during the Push Press?
34,How should I use my legs when performing the Push Press?
34,What type of equipment is required for the Push Press?
34,What body part does the Push Press primarily target?
35,What muscles are primarily targeted during the treadmill run exercise?
35,Can you explain the instructions for properly performing a treadmill run?
35,Is this exercise suitable for improving cardiovascular endurance?
35,What type of equipment is needed for this exercise?
35,Which body parts benefit the most from doing treadmill runs?
36,What body parts are primarily targeted by the Incline Dumbbell Press?
36,What equipment do I need to perform the Incline Dumbbell Press?
36,Could you describe the position I should be in while doing the Incline Dumbbell Press?
36,What muscle groups are activated during the Incline Dumbbell Press?
36,Is the Incline Dumbbell Press considered a push or pull exercise?
37,What is the starting position for the Renegade Rows exercise?
37,Which muscle groups are primarily activated during Renegade Rows?
37,Do I need any special equipment to perform Renegade Rows?
37,How do I execute the rowing motion during Renegade Rows?
37,Is Renegade Rows suitable for working out the upper body?
38,What is the name of the exercise I should do?
38,What muscles does the leg press target?
38,How should I position my feet on the leg press machine?
38,What type of equipment do I need for the leg press?
38,Can you provide the basic instructions for performing a leg press?
39,What is the correct way to perform a Cable Tricep Pushdown?
39,Which body part does the Cable Tricep Pushdown primarily target?
39,What type of equipment do I need to do a Cable Tricep Pushdown?
39,Is the Cable Tricep Pushdown a push or pull movement?
39,What muscle groups are activated during the Cable Tricep Pushdown?
40,What muscles are primarily activated during the Single-Leg Deadlift?
40,What type of equipment do I need for the Single-Leg Deadlift exercise?
40,Can you explain the proper instructions for performing the Single-Leg Deadlift?
40,Is the Single-Leg Deadlift more suitable for strength training or cardio?
40,Which body part does the Single-Leg Deadlift mainly target?
41,What equipment do I need for inverted rows?
41,Can you tell me the main muscle groups worked by inverted rows?
41,What is the proper technique for performing inverted rows?
41,"Is this exercise suitable for beginners, and if so, how should they start?"
41,How does the inverted row compare to other upper body strength exercises?
42,What is the Pallof Press and what type of activity does it involve?
42,Which part of the body does the Pallof Press primarily target?
42,What equipment do I need to perform the Pallof Press?
42,Can you explain the steps to correctly execute the Pallof Press?
42,What muscle groups are activated during the Pallof Press exercise?
43,What is the primary body part targeted by the Kettlebell Deadlift?
43,Can you explain the correct stance for performing the Kettlebell Deadlift?
43,What muscle groups are primarily activated during the Kettlebell Deadlift?
43,Is the Kettlebell Deadlift considered a pulling or pushing exercise?
43,What are the initial steps to correctly lift the kettlebell off the ground for this exercise?
44,What muscles are primarily targeted during Hanging Knee Tucks?
44,How should I position my body while performing Hanging Knee Tucks?
44,Is any equipment needed for the Hanging Knee Tucks exercise?
44,What type of exercise are Hanging Knee Tucks classified as?
44,What is the correct way to lower my knees after tucking them in?
45,What type of exercise are Resistance Band Pull Aparts considered?
45,Which body part does this exercise primarily target?
45,Can you list the muscle groups that are activated during this exercise?
45,What equipment is needed to perform Resistance Band Pull Aparts?
45,What is the correct technique for performing this exercise?
46,What equipment do I need to perform Bulgarian Split Squats?
46,Which muscle groups are primarily targeted during Bulgarian Split Squats?
46,Can you explain the proper stance for Bulgarian Split Squats?
46,What body part is primarily worked with Bulgarian Split Squats?
46,Is Bulgarian Split Squats considered a push or pull exercise?
47,What is the correct position for my arms when starting the Seated Shoulder Press?
47,Which muscle groups are primarily worked during the Seated Shoulder Press?
47,How should I adjust the weight of the dumbbells for the Seated Shoulder Press?
47,What is the proper way to perform the Seated Shoulder Press?
47,What should I focus on to maintain good form while doing the Seated Shoulder Press?
48,What is the primary muscle group targeted during incline push-ups?
48,What equipment do I need to perform incline push-ups?
48,Can incline push-ups help strengthen my upper body?
48,What is the correct form for performing incline push-ups?
48,How do incline push-ups differ from regular push-ups?
49,What equipment do I need to perform hip thrusts?
49,Which muscle groups are primarily activated during hip thrusts?
49,Can you describe the starting position for hip thrusts?
49,How should I correctly lift my hips during the exercise?
49,Is hip thrusts considered a pushing movement or a pulling movement?
50,What is the primary muscle group worked during the Barbell Curl?
50,How should I hold the barbell when performing a Barbell Curl?
50,What is the correct stance for the Barbell Curl?
50,Can you explain the motion involved in the Barbell Curl?
50,What body part does the Barbell Curl primarily target?
51,What muscles are primarily targeted during the Cable Row exercise?
51,How should I position my feet while performing the Cable Row?
51,Can you explain the correct way to pull the handle during the Cable Row?
51,Is the Cable Row considered a push or pull type of exercise?
51,What type of equipment do I need to perform the Cable Row?
52,What is the main goal of the Plank Shoulder Taps exercise?
52,Which muscles do Plank Shoulder Taps primarily activate?
52,Can you explain the proper starting position for Plank Shoulder Taps?
52,What type of equipment do I need to perform Plank Shoulder Taps?
52,How should I maintain stability during the Plank Shoulder Taps?
53,What equipment do I need for the Dumbbell Lateral Raise exercise?
53,Which body part does the Dumbbell Lateral Raise primarily target?
53,Can you describe the starting position for the Dumbbell Lateral Raise?
53,How should I position my arms during the Dumbbell Lateral Raise?
53,Is the Dumbbell Lateral Raise a push or pull exercise?
54,What muscles are primarily worked during the Wall Sit exercise?
54,Can you describe the correct position for performing a Wall Sit?
54,Is any equipment needed for the Wall Sit exercise?
54,What type of exercise is the Wall Sit classified as?
54,How should the feet be positioned while doing a Wall Sit?
55,What is the starting position for the Spider Plank exercise?
55,Which muscle groups does the Spider Plank target?
55,Do I need any equipment for the Spider Plank?
55,How do I perform the movement in the Spider Plank?
55,What type of activity is the Spider Plank classified as?
56,What is the correct stance for performing a Sumo Deadlift?
56,Which muscles are primarily activated during the Sumo Deadlift exercise?
56,How should I grip the barbell for a Sumo Deadlift?
56,What type of equipment do I need to perform a Sumo Deadlift?
56,Can you explain the lifting technique for a Sumo Deadlift?
57,What is the primary muscle group worked during the Single Arm Dumbbell Row?
57,What type of equipment is needed for this exercise?
57,How should I position my body while performing the Single Arm Dumbbell Row?
57,Which type of activity does the Single Arm Dumbbell Row fall under?
57,What is the main movement involved in this exercise?
58,What is the main purpose of the Kettlebell Clean and Press exercise?
58,Which muscle groups does the Kettlebell Clean and Press primarily target?
58,Can you explain the steps involved in performing a Kettlebell Clean and Press?
58,What type of workout does the Kettlebell Clean and Press fall under?
58,What equipment is required to perform the Kettlebell Clean and Press?
59,What type of exercise is Jump Rope considered?
59,Which muscles are primarily engaged during Jump Rope?
59,How should I perform the Jump Rope exercise?
59,What equipment do I need to do Jump Rope?
59,What body parts does Jump Rope work out?
60,What are the primary muscle groups worked during the Side Lunge exercise?
60,Can you describe the correct form for performing a Side Lunge?
60,"Is any equipment required for the Side Lunge, or can it be done with just bodyweight?"
60,Which part of the body does the Side Lunge primarily target?
60,What type of exercise is the Side Lunge categorized as?
61,What muscles are targeted by the Machine Chest Fly exercise?
61,What type of activity is the Machine Chest Fly classified as?
61,How should I position myself while using the Machine Chest Fly?
61,What type of equipment is required for the Machine Chest Fly?
61,Can you explain the movement involved in the Machine Chest Fly exercise?
62,What muscles does the hack squat primarily target?
62,How do I properly perform the hack squat exercise?
62,What type of equipment do I need for the hack squat?
62,Is the hack squat considered a push or pull movement?
62,Which body part is primarily worked during the hack squat?
63,What body part does the decline push-up primarily target?
63,What muscle groups are activated during decline push-ups?
63,What are the specific instructions for performing decline push-ups?
63,What type of equipment is needed for decline push-ups?
63,Is the decline push-up considered a strength exercise?
64,What is the Band Face Pull exercise designed to target?
64,How do I properly set up the Band Face Pull exercise?
64,Which muscle groups are activated during the Band Face Pull?
64,What type of equipment do I need for the Band Face Pull?
64,Can you explain the proper form for performing a Band Face Pull?
65,What equipment do I need to perform the Ab Wheel Rollout exercise?
65,Which body part is primarily targeted during the Ab Wheel Rollout?
65,Can you describe the proper form for the Ab Wheel Rollout?
65,What muscles are activated when I perform the Ab Wheel Rollout?
65,Is the Ab Wheel Rollout classified as a strength or cardio exercise?
66,What is the primary purpose of the Side Leg Raises exercise?
66,Which muscle groups are engaged when performing Side Leg Raises?
66,Can this exercise be performed without equipment?
66,What position should I be in while performing Side Leg Raises?
66,How should I move my leg during the exercise?
67,What equipment do I need for the Romanian Deadlift?
67,Which muscle groups are primarily worked by this exercise?
67,Can you explain the proper form for performing a Romanian Deadlift?
67,Is this exercise targeting the lower body or upper body?
67,What type of activity is the Romanian Deadlift classified as?
68,What is the proper stance for the Arnold Press exercise?
68,Which muscles are primarily worked during the Arnold Press?
68,"Can I use any type of dumbbells for the Arnold Press, or should they be a specific weight?"
68,What is the starting position for holding the dumbbells in the Arnold Press?
68,What kind of activity is the Arnold Press classified as?
69,What is the primary muscle group targeted by the Landmine Press?
69,Can the Landmine Press be performed with just one arm?
69,What type of equipment is needed for the Landmine Press?
69,Which part of the body does the Landmine Press mainly work on?
69,Is the Landmine Press considered a push exercise?
70,What type of exercise are tuck jumps classified as?
70,Which muscle groups are primarily targeted during tuck jumps?
70,Can tuck jumps be performed with any equipment?
70,What are the specific instructions for performing tuck jumps correctly?
70,What body parts are engaged while doing tuck jumps?
71,What is the main benefit of performing Windshield Wipers?
71,Which muscle groups are specifically targeted during the Windshield Wipers exercise?
71,Can Windshield Wipers be done without any equipment?
71,What position should I start in for the Windshield Wipers?
71,How do I properly rotate my legs for the Windshield Wipers exercise?
72,What is the main muscle group worked by Dumbbell Shrugs?
72,Can you describe the correct posture for performing Dumbbell Shrugs?
72,What type of equipment do I need to do Dumbbell Shrugs?
72,Is Dumbbell Shrug a strength or cardio exercise?
72,How should I execute the shrugging motion in Dumbbell Shrugs?
73,What type of activity is the Sled Push considered?
73,Which body parts are primarily engaged when performing a Sled Push?
73,What are the key instructions to follow while pushing the sled?
73,What muscle groups are activated during a Sled Push?
73,Is the Sled Push more of a cardio or strength exercise?
74,What type of exercise is the Cable Bicep Curl?
74,Which muscles are primarily worked during the Cable Bicep Curl?
74,What equipment do I need to perform a Cable Bicep Curl?
74,Can you describe the steps to correctly execute a Cable Bicep Curl?
74,What part of the body does the Cable Bicep Curl target?
75,What position should I be in when performing the Dumbbell Kickback?
75,Which muscle groups are primarily targeted by the Dumbbell Kickback?
75,What type of equipment do I need to perform this exercise?
75,Can you explain the movement involved in the Dumbbell Kickback?
75,Is the Dumbbell Kickback considered a pushing or pulling exercise?
76,What is the primary muscle group targeted by Flutter Kicks?
76,How should I position my legs during Flutter Kicks?
76,Is any equipment required to perform Flutter Kicks?
76,What type of exercise is Flutter Kicks categorized as?
76,Can you explain the proper form for doing Flutter Kicks?
77,What is the primary type of exercise for High Knees?
77,Which muscle groups are specifically activated during High Knees?
77,Can you describe the proper technique for performing High Knees?
77,Is any equipment needed to perform High Knees?
77,What body parts are engaged when doing High Knees?
78,What type of exercise are Sledgehammer Slams classified as?
78,Which equipment is needed to perform Sledgehammer Slams?
78,What muscle groups are activated during Sledgehammer Slams?
78,Can Sledgehammer Slams target the full body?
78,What is the proper technique for executing Sledgehammer Slams?
79,What is the primary muscle group targeted by lateral step-ups?
79,Can lateral step-ups be performed without any equipment?
79,What lower body muscles are activated during lateral step-ups?
79,Could you describe the proper technique for performing lateral step-ups?
79,Is lateral step-ups considered a pushing exercise?
80,What is the primary muscle group targeted by the Cable Chest Press exercise?
80,Which piece of equipment do I need to perform the Cable Chest Press?
80,What is the starting position for the Cable Chest Press exercise?
80,Is the Cable Chest Press considered a push or pull exercise?
80,Which body part is primarily worked during the Cable Chest Press?
81,What is the correct starting position for TRX Rows?
81,Which muscle groups are primarily engaged during TRX Rows?
81,Can you explain the movement involved in TRX Rows?
81,What type of TRX exercise is the TRX Rows categorized as?
81,What body part does the TRX Rows primarily target?
82,What is the primary muscle group targeted during Medicine Ball Russian Twists?
82,Can you explain the proper starting position for performing this exercise?
82,How should I move the medicine ball while doing the Russian Twists?
82,Is this exercise effective for strengthening my core muscles?
82,What type of equipment do I need to perform Medicine Ball Russian Twists?
83,What muscles are primarily targeted during the Pendlay Row exercise?
83,Can you describe the setup for performing a Pendlay Row with a barbell?
83,What type of activity is the Pendlay Row categorized under?
83,How should I perform the movement during a Pendlay Row?
83,Which body part does the Pendlay Row specifically work on?
84,What muscles are activated during the Side Plank with Leg Lift exercise?
84,What is the correct position to start the Side Plank with Leg Lift?
84,Do I need any equipment to perform the Side Plank with Leg Lift?
84,How do I correctly execute the movement of lifting my leg in the Side Plank with Leg Lift?
84,What type of exercise is the Side Plank with Leg Lift classified as?
85,What type of exercise is Hip Abduction?
85,What muscle groups does the Hip Abduction exercise target?
85,How do you perform the Hip Abduction on the machine?
85,What body part is primarily engaged during the Hip Abduction?
85,What type of equipment is needed for the Hip Abduction exercise?
86,What type of equipment is needed for the Dumbbell Front Raise?
86,Which muscle group is primarily activated during the Dumbbell Front Raise?
86,What is the correct starting position for performing a Dumbbell Front Raise?
86,How high should I raise my arms during the Dumbbell Front Raise?
86,Is the Dumbbell Front Raise considered a push exercise?
87,What grip should I use for Chin-Ups?
87,Which muscle groups are activated during Chin-Ups?
87,Are Chin-Ups a bodyweight exercise or do they require equipment?
87,How do I properly perform a Chin-Up?
87,What part of the body do Chin-Ups primarily target?
88,What is the Box Squat exercise primarily targeting in terms of muscle groups?
88,What equipment do I need to perform the Box Squat?
88,Can you explain the proper technique for executing a Box Squat?
88,Is the Box Squat considered a push or pull exercise?
88,Which body part is most involved when performing the Box Squat?
89,What are the Battle Rope Waves and how do I perform them?
89,Which muscle groups are specifically activated during Battle Rope Waves?
89,Is the Battle Rope Waves exercise considered cardio or strength training?
89,What body part is primarily targeted by the Battle Rope Waves exercise?
89,Do I need any specific equipment to perform the Battle Rope Waves?
90,What equipment do I need to perform the Zercher Squat?
90,Which body parts does the Zercher Squat target?
90,Can you explain the proper technique for executing a Zercher Squat?
90,Is the Zercher Squat considered a pushing exercise?
90,What muscle groups are activated during the Zercher Squat?
91,What is the primary muscle group targeted by walking lunges?
91,Can walking lunges be performed without any equipment?
91,How do you properly perform a walking lunge step?
91,What type of activity classification do walking lunges fall under?
91,Which body part does walking lunges primarily work?
92,What is the primary body part targeted by the kettlebell snatch exercise?
92,Can you describe the motion involved in performing a kettlebell snatch?
92,Which muscle groups do you activate when doing a kettlebell snatch?
92,What type of activity is the kettlebell snatch categorized under?
92,What kind of equipment do I need to perform a kettlebell snatch?
93,What is the primary muscle group targeted by the Single-Leg Glute Bridge?
93,Can the Single-Leg Glute Bridge be performed without any equipment?
93,What position should my body be in to start the Single-Leg Glute Bridge?
93,Which body part is primarily worked during this exercise?
93,Is the Single-Leg Glute Bridge considered a push or pull exercise?
94,What type of exercise are TRX Push-Ups considered?
94,Which muscle groups are engaged during TRX Push-Ups?
94,What equipment do I need to perform TRX Push-Ups?
94,How should I position my body while doing TRX Push-Ups?
94,What body parts are primarily targeted with TRX Push-Ups?
95,What is the primary muscle group targeted by the Machine Leg Curl exercise?
95,What equipment do I need to perform the Machine Leg Curl?
95,Can you describe the proper technique for executing the Machine Leg Curl?
95,Which body part does the Machine Leg Curl primarily strengthen?
95,Is the Machine Leg Curl classified as a strength training exercise?
96,What part of the body does the incline bench press primarily work on?
96,What type of equipment do I need for the incline bench press?
96,Can you explain the steps for performing the incline bench press?
96,Which muscle groups are activated during the incline bench press?
96,Is the incline bench press a push or pull exercise?
97,What is the name of the exercise that uses a resistance band for strength training?
97,Which body parts are targeted during the Resistance Band Deadlift?
97,How should I position my feet when performing the Resistance Band Deadlift?
97,What is the primary movement involved in the Resistance Band Deadlift?
97,Can you describe the initial setup for the Resistance Band Deadlift?
98,What is the primary focus of the Decline Bench Press exercise?
98,Which equipment is required for performing the Decline Bench Press?
98,Can you explain the steps to correctly perform the Decline Bench Press?
98,What muscle groups are targeted by the Decline Bench Press?
98,What type of exercise category does the Decline Bench Press fall under?
99,What is the main exercise being described?
99,What type of equipment do I need for this exercise?
99,Which body parts are primarily targeted by the Dumbbell Step-Up?
99,Can you explain how to perform the Dumbbell Step-Up correctly?
99,What muscle groups are activated while doing this exercise?
100,What is the primary muscle group worked by the Cable Lateral Raise?
100,Can you describe how to correctly perform a Cable Lateral Raise?
100,What type of exercise is the Cable Lateral Raise classified as?
100,What equipment do I need to do the Cable Lateral Raise?
100,Which body part predominantly engages during the Cable Lateral Raise?
101,What are the primary muscle groups targeted by the reverse lunge exercise?
101,Can you explain the proper technique for performing a reverse lunge?
101,Is the reverse lunge considered a strength exercise or a cardio exercise?
101,What type of equipment do I need to perform a reverse lunge?
101,Which body parts are primarily engaged during the reverse lunge?
102,What position should I start in for Toe Touches?
102,Which muscle groups are worked during the Toe Touches exercise?
102,Do I need any equipment to perform Toe Touches?
102,What is the main movement of the Toe Touches exercise?
102,Can you describe how to properly execute Toe Touches?
103,What is the primary muscle group targeted by the Machine Leg Extension exercise?
103,Can you describe how to perform the Machine Leg Extension correctly?
103,What body part does the Machine Leg Extension primarily focus on?
103,Is the Machine Leg Extension considered a push-type exercise or a pull-type exercise?
103,What type of equipment is required for the Machine Leg Extension?
104,What muscles are primarily targeted when performing the Dumbbell Pullover?
104,Can you explain the proper form for executing the Dumbbell Pullover?
104,"Is a bench necessary for the Dumbbell Pullover, or can it be done on the floor?"
104,What type of equipment do I need for the Dumbbell Pullover exercise?
104,Which part of the body does the Dumbbell Pullover mainly work on?
105,What type of activity is the Barbell Shrug considered?
105,Which body part does the Barbell Shrug primarily target?
105,How should I position my feet when performing a Barbell Shrug?
105,What muscle groups are activated during the Barbell Shrug?
105,What is the correct technique for lifting and lowering my shoulders during this exercise?
106,What are the primary muscle groups worked during the T-Bar Row exercise?
106,What equipment do I need to perform the T-Bar Row safely?
106,Can you describe the proper stance for the T-Bar Row before starting?
106,How should I execute the movement of the T-Bar Row from start to finish?
106,"Is the T-Bar Row considered a pull exercise, and if so, why?"
107,What is the main muscle group targeted by the Bulgarian Deadlift?
107,How do I properly position my body when performing this exercise?
107,What type of equipment do I need to do the Bulgarian Deadlift?
107,Is this exercise effective for strengthening the glutes?
107,What kind of activity is the Bulgarian Deadlift classified as?
108,What is the correct stance for performing a Pistol Squat?
108,Which muscles are primarily activated during the Pistol Squat exercise?
108,How do I properly lower my body while performing the Pistol Squat?
108,"Is any equipment needed to perform the Pistol Squat, or can it be done with bodyweight?"
108,What part of the body does the Pistol Squat mainly target?
109,What is the Seated Leg Curl exercise designed to target?
109,Which machine is used for the Seated Leg Curl exercise?
109,Can you explain the proper technique for performing the Seated Leg Curl?
109,What muscle group do the Seated Leg Curl primarily activate?
109,Is the Seated Leg Curl considered a strength training exercise?
110,What is the main objective of performing the Russian Kettlebell Swing?
110,Which muscle groups are primarily activated during this exercise?
110,Can you explain the proper technique for swinging the kettlebell?
110,What type of equipment do I need to perform the Russian Kettlebell Swing?
110,Is this exercise more focused on cardio or strength?
111,What is the primary focus of the Incline Dumbbell Curl exercise?
111,Which body parts are primarily worked during the Incline Dumbbell Curl?
111,What equipment do I need to perform the Incline Dumbbell Curl?
111,Can you describe the steps involved in executing the Incline Dumbbell Curl?
111,How does the Incline Dumbbell Curl target the biceps and forearms specifically?
112,What is the correct starting position for decline sit-ups?
112,Which muscle groups are activated during decline sit-ups?
112,Do I need any equipment for decline sit-ups?
112,How should I perform the movement of decline sit-ups?
112,What area of the body do decline sit-ups primarily target?
113,What is the primary body part targeted by the Side Plank Dips exercise?
113,Which muscle groups are activated during the Side Plank Dips?
113,Can the Side Plank Dips be performed without any equipment?
113,What is the proper starting position for performing Side Plank Dips?
113,What are the steps to correctly perform a Side Plank Dip?
114,What is the primary body part targeted by the Single Arm Kettlebell Swing?
114,Can you describe the movement and how to perform the Single Arm Kettlebell Swing correctly?
114,What muscle groups are activated during the Single Arm Kettlebell Swing exercise?
114,Is the Single Arm Kettlebell Swing considered a push or pull movement?
114,What equipment do I need to perform the Single Arm Kettlebell Swing?
115,What is the primary focus of the Jumping Squats exercise?
115,Can you describe the proper form for performing Jumping Squats?
115,What muscle groups are activated during Jumping Squats?
115,Is any equipment necessary for Jumping Squats?
115,How should I land after jumping in Jumping Squats?
116,What is the name of the exercise that uses a cable machine for the upper body?
116,Which muscle groups are primarily worked during the Cable Chest Fly exercise?
116,Can you explain the starting position for the Cable Chest Fly?
116,What type of exercise is the Cable Chest Fly classified as?
116,How do you properly perform the movement in a Cable Chest Fly?
117,What equipment do I need for the Dumbbell Tricep Extension exercise?
117,Which part of the body does the Dumbbell Tricep Extension primarily target?
117,Can you describe the proper technique for performing a Dumbbell Tricep Extension?
117,Is the Dumbbell Tricep Extension a strength exercise or a cardio exercise?
117,What type of movement is utilized during the Dumbbell Tricep Extension?
118,What should I do to perform a leg curl on the machine?
118,Which body part does the leg curl primarily target?
118,What type of exercise is the leg curl categorized as?
118,Can you tell me what muscle groups are activated during the leg curl?
118,What position should I be in while using the leg curl machine?
119,What is the starting position for a one-arm push-up?
119,Which muscle groups are activated during a one-arm push-up?
119,Do I need any equipment to perform a one-arm push-up?
119,How far should I lower my body during the one-arm push-up?
119,What type of exercise is a one-arm push-up classified as?
120,What is the Machine Shoulder Press exercise focused on?
120,Which machine do I use for the Machine Shoulder Press?
120,Can you tell me how to properly perform the Machine Shoulder Press?
120,What muscle groups does the Machine Shoulder Press work on?
120,Is the Machine Shoulder Press a push or pull exercise?
121,What is the proper stance for a Sumo Squat?
121,Which muscles are worked during the Sumo Squat exercise?
121,How should I position my toes while performing a Sumo Squat?
121,What is the recommended depth for the Sumo Squat?
121,Is any equipment required to perform the Sumo Squat?
122,What is the Resistance Band Squat exercise used for?
122,Which muscle groups are activated during the Resistance Band Squat?
122,How should I stand when performing the Resistance Band Squat?
122,What type of exercise is the Resistance Band Squat classified as?
122,What part of the body does the Resistance Band Squat target?
123,What is the main focus of the One-Legged Squat exercise?
123,What body parts are mainly worked by performing the One-Legged Squat?
123,Can I perform the One-Legged Squat without any equipment?
123,What is the correct starting position for the One-Legged Squat?
123,What is the key movement to complete the One-Legged Squat correctly?
124,What is the purpose of the Landmine Row exercise?
124,Which muscle groups does the Landmine Row primarily activate?
124,Can you describe the steps to properly perform a Landmine Row?
124,What type of equipment do I need for the Landmine Row?
124,Is the Landmine Row beneficial for strengthening the upper body?
125,What is the primary purpose of the Superman Exercise?
125,Which muscle groups does the Superman Exercise target?
125,How should I position my body during the Superman Exercise?
125,Is any equipment needed for the Superman Exercise?
125,What type of activity does the Superman Exercise fall under?
126,What is the name of the exercise involving two dumbbells?
126,Which muscle groups are primarily targeted by performing Dumbbell Flyes?
126,What type of exercise is Dumbbell Flyes classified as?
126,Can you describe the initial position for Dumbbell Flyes?
126,What equipment do I need to perform Dumbbell Flyes?
127,What muscles does the Reverse Fly exercise target specifically?
127,Can I perform the Reverse Fly without any equipment?
127,What is the correct stance for the Reverse Fly exercise?
127,How should I position the dumbbells during the Reverse Fly?
127,Is the Reverse Fly an exercise for the upper body or lower body?
128,What is the primary muscle group targeted by cable kickbacks?
128,What specific equipment is needed to perform cable kickbacks?
128,Can you describe the proper form for doing cable kickbacks?
128,What is the classification of cable kickbacks in terms of exercise type?
128,Is there a variation on the cable kickbacks for beginners?
129,What muscles are targeted when performing the Kettlebell Push Press?
129,How should I position the kettlebell before beginning the Kettlebell Push Press?
129,Can the Kettlebell Push Press help improve my upper body strength?
129,"Is it necessary to use my legs during the Kettlebell Push Press, and why?"
129,What is the correct way to lower the kettlebell after pressing it overhead?
130,What body part does the Dead Bug exercise primarily target?
130,What equipment is required to perform the Dead Bug exercise?
130,Can you describe the correct form for doing the Dead Bug?
130,Which muscle groups are activated during the Dead Bug exercise?
130,Is the Dead Bug considered a strength exercise or a cardio exercise?
131,What is the primary muscle group targeted by the Smith Machine Squat?
131,How do you properly perform the Smith Machine Squat?
131,What equipment is required for the Smith Machine Squat?
131,What type of activity does the Smith Machine Squat classify as?
131,Which body part is primarily worked during the Smith Machine Squat?
132,What position should I be in on the hyperextension bench for the Reverse Hyperextension exercise?
132,Which muscles are primarily worked during the Reverse Hyperextension?
132,How do I properly execute the lift during the Reverse Hyperextension exercise?
132,What type of equipment do I need to perform the Reverse Hyperextension?
132,Is the Reverse Hyperextension focused on pushing or pulling movements?
133,What equipment do I need to perform the Landmine Twist exercise?
133,Which body part does the Landmine Twist primarily target?
133,What specific muscle groups are worked during the Landmine Twist?
133,Can you explain the proper technique for performing the Landmine Twist?
133,Is the Landmine Twist considered a strength training exercise?
134,What is the proper setup for using the machine row exercise?
134,Which muscle groups are primarily targeted by the machine row?
134,Can you describe the movement for the machine row exercise?
134,What type of exercise is the machine row classified as?
134,What body part does the machine row primarily focus on?
135,What muscle group does the Seated Calf Raise specifically target?
135,Can you describe the correct sitting position for the Seated Calf Raise?
135,What equipment do I need to perform the Seated Calf Raise?
135,How do you execute the movement in the Seated Calf Raise?
135,Is the Seated Calf Raise considered a strength training exercise?
136,What muscle groups are activated during the Kettlebell Windmill exercise?
136,Can you explain the proper form for performing the Kettlebell Windmill?
136,Which body part does the Kettlebell Windmill primarily target?
136,Is the Kettlebell Windmill considered a strength exercise or a cardio exercise?
136,Do I need any specific equipment to perform the Kettlebell Windmill?
137,What is the correct position to start the Incline Barbell Bench Press?
137,Which muscle groups are primarily engaged during this exercise?
137,What piece of equipment do I need to perform the Incline Barbell Bench Press?
137,How should I move the barbell during the exercise?
137,Is the Incline Barbell Bench Press considered a push or pull exercise?
138,What equipment do I need to perform the Kettlebell Goblet Squat?
138,Which part of the body does the Kettlebell Goblet Squat primarily target?
138,Can you describe the proper form for executing a Kettlebell Goblet Squat?
138,What muscle groups are actively engaged during the Kettlebell Goblet Squat?
138,Is the Kettlebell Goblet Squat considered a pushing exercise?
139,What equipment is required to perform Dumbbell Thrusters?
139,Which muscle groups are primarily targeted by Dumbbell Thrusters?
139,Can you explain the proper technique for performing Dumbbell Thrusters?
139,What type of activity do Dumbbell Thrusters fall under?
139,Which body parts does the Dumbbell Thruster exercise engage?
140,What specific position should I be in to perform the Lying Leg Curl correctly?
140,Which muscle group does the Lying Leg Curl primarily target?
140,What equipment do I need to do the Lying Leg Curl?
140,Can you explain how to properly execute the Lying Leg Curl?
140,Is the Lying Leg Curl considered a strength exercise for the lower body?
141,What is the primary muscle group targeted during the Dumbbell Hammer Curl?
141,What equipment do I need to perform the Dumbbell Hammer Curl?
141,Can you describe the initial position for the Dumbbell Hammer Curl?
141,Is the Dumbbell Hammer Curl considered a strength exercise or a cardio exercise?
141,What is the correct grip to use while performing the Dumbbell Hammer Curl?
142,What equipment do I need to perform the Landmine Squat Press?
142,Which muscle groups are primarily activated during the Landmine Squat Press?
142,Can you explain the steps involved in executing a proper Landmine Squat Press?
142,What type of exercise is the Landmine Squat Press classified as?
142,Which body parts does the Landmine Squat Press target?
143,What equipment do I need to perform the Zottman Curl?
143,Which muscle groups are activated when doing the Zottman Curl?
143,Can you explain the instructions for performing the Zottman Curl?
143,What type of exercise is the Zottman Curl classified as?
143,How should I position my body while doing the Zottman Curl?
144,What is the correct position to start the Cable Crunch exercise?
144,Which muscle group does the Cable Crunch primarily target?
144,Can you describe how to perform the Cable Crunch with the cable machine?
144,What type of equipment do I need to do the Cable Crunch?
144,What body part is being worked during the Cable Crunch?
145,What is the primary muscle group targeted by the Stability Ball Pike?
145,Can you explain how to properly perform the Stability Ball Pike exercise?
145,What type of activity is the Stability Ball Pike classified as?
145,What equipment do I need to perform the Stability Ball Pike?
145,Which body part does the Stability Ball Pike primarily engage?
146,What is the Standing Calf Raise exercise used for in my workout routine?
146,Can you explain how to properly perform a Standing Calf Raise?
146,What part of the body does the Standing Calf Raise primarily target?
146,Is any equipment needed for the Standing Calf Raise exercise?
146,What type of exercise is the Standing Calf Raise categorized as?
147,What equipment do I need to perform a Cable Kickback?
147,Which muscle group is primarily targeted by the Cable Kickback exercise?
147,Can you explain the starting position for the Cable Kickback?
147,What type of activity is the Cable Kickback considered?
147,What movement should I perform after extending my arm back during the Cable Kickback?
148,What are Spider Push-Ups primarily targeting in terms of muscle groups?
148,Could you describe the starting position for executing Spider Push-Ups?
148,How do I perform the movement correctly during Spider Push-Ups?
148,"Is any equipment needed to do Spider Push-Ups, or can they be done with just body weight?"
148,Can you explain the proper sequence of movements while doing Spider Push-Ups?
149,What equipment do I need for the Resistance Band Chest Press?
149,Which muscles are targeted during the Resistance Band Chest Press?
149,Can you explain how to perform the Resistance Band Chest Press?
149,What type of workout is the Resistance Band Chest Press classified as?
149,What body part does the Resistance Band Chest Press primarily work?
150,What is the primary equipment needed for the One-Arm Dumbbell Row exercise?
150,Which body part does the One-Arm Dumbbell Row primarily target?
150,Can you explain how to correctly perform the One-Arm Dumbbell Row?
150,What muscle groups are activated during the One-Arm Dumbbell Row?
150,Is the One-Arm Dumbbell Row classified as a push or pull exercise?
151,What is the main focus of the Incline Chest Press exercise?
151,Which equipment do I need to perform the Incline Chest Press?
151,What muscles are primarily activated during the Incline Chest Press?
151,Can you describe the stance I should take while performing this exercise?
151,Is the Incline Chest Press considered a push type of exercise?
152,What type of exercise is the Machine Preacher Curl?
152,What muscle groups does the Machine Preacher Curl target?
152,How should I position my arms while using the preacher curl machine?
152,What movement should I perform with the handle during the Machine Preacher Curl?
152,Is the Machine Preacher Curl suitable for strengthening the upper body?
153,What are Hanging Knee Raises primarily targeting in terms of muscle groups?
153,Can you describe the correct way to perform Hanging Knee Raises?
153,What type of equipment is needed for Hanging Knee Raises?
153,Is Hanging Knee Raises considered a strength or cardio exercise?
153,Which body part is mainly worked during Hanging Knee Raises?
154,What muscles are primarily worked during the Decline Dumbbell Press?
154,What equipment do I need to perform the Decline Dumbbell Press?
154,Can you describe how to properly position myself on the decline bench for this exercise?
154,What type of exercise is the Decline Dumbbell Press classified as?
154,Is the Decline Dumbbell Press effective for building upper body strength?
155,What is the primary muscle group targeted during the Glute Kickback exercise?
155,How should I position my body at the start of the Glute Kickback?
155,What equipment do I need to perform the Glute Kickback?
155,Is the Glute Kickback considered a strength or aerobic exercise?
155,What should I focus on while performing the movement to maximize its effectiveness?
156,What is the primary muscle group worked by the Machine Chest Press?
156,Can the Machine Chest Press be performed without additional weights?
156,What position should my feet be in while using the chest press machine?
156,How should I position my arms during the exercise?
156,Is the Machine Chest Press considered a push-type exercise?
157,What is the proper stance for performing a Single-Leg Squat?
157,Which lower body muscles does the Single-Leg Squat primarily target?
157,Do I need any equipment to perform the Single-Leg Squat?
157,What are the steps to correctly execute a Single-Leg Squat?
157,Is the Single-Leg Squat considered a strength or cardio exercise?
158,What is the starting position for the Push-Up to Row exercise?
158,Which muscle groups are targeted during the Push-Up to Row?
158,What type of equipment do I need for the Push-Up to Row?
158,Can you explain the instructions for performing the Push-Up to Row?
158,Is the Push-Up to Row more of a push or pull exercise?
159,What is the primary muscle group targeted by the Smith Machine Row exercise?
159,How should I position my feet when performing a Smith Machine Row?
159,What equipment do I need to do the Smith Machine Row?
159,What body part does the Smith Machine Row primarily work on?
159,Can you describe the starting position for the Smith Machine Row?
160,What is the primary muscle group targeted by the lat pullover exercise?
160,Can I perform the lat pullover without a bench?
160,Which type of equipment do I need for the lat pullover?
160,What is the correct position to start the lat pullover?
160,How does the lat pullover benefit the upper body?
161,What is the primary muscle group targeted by the Smith Machine Shoulder Press?
161,Can you describe the setup process for performing the Smith Machine Shoulder Press?
161,What body part does the Smith Machine Shoulder Press primarily focus on?
161,What type of exercise is the Smith Machine Shoulder Press classified as?
161,Which piece of equipment is required to perform the Smith Machine Shoulder Press?
162,What muscle groups are primarily activated when performing the Cable Woodchopper exercise?
162,Can you explain the setup and execution of the Cable Woodchopper exercise?
162,Is the Cable Woodchopper suitable for targeting the core during strength training?
162,What type of equipment do I need to perform the Cable Woodchopper?
162,In which direction should I be facing when starting the Cable Woodchopper exercise?
163,What equipment do I need for the Machine Back Extension exercise?
163,Which muscle groups are targeted during the Machine Back Extension?
163,What is the correct method for performing the Machine Back Extension?
163,Is the Machine Back Extension considered a strength exercise?
163,Which body part does the Machine Back Extension primarily focus on?
164,What muscles does the Prone Leg Curl primarily target?
164,How do I properly perform the Prone Leg Curl exercise?
164,What position should I be in when using the leg curl machine?
164,Is the Prone Leg Curl considered a strength exercise or a cardio exercise?
164,What part of the body is mainly worked during the Prone Leg Curl?
165,What is the primary equipment needed for the Seated Dumbbell Press?
165,Which muscle groups does the Seated Dumbbell Press target?
165,Can you describe the starting position for the Seated Dumbbell Press?
165,Is the Seated Dumbbell Press a strength or cardio exercise?
165,What body part is primarily worked during the Seated Dumbbell Press?
166,What is the Weighted Plank exercise and which part of the body does it target?
166,What equipment do I need to perform the Weighted Plank?
166,How do I properly execute a Weighted Plank?
166,Which muscle groups are activated during the Weighted Plank?
166,What type of exercise is the Weighted Plank classified as?
167,What kind of exercise is the Step Mill?
167,Which muscle groups are primarily worked during the Step Mill?
167,How should I maintain my movement while using the Step Mill?
167,What equipment do I need to use for the Step Mill exercise?
167,Is the Step Mill considered a cardio workout?
168,What equipment do I need for the Standing Resistance Band Row?
168,Which muscles are activated during this exercise?
168,How should I position my elbows while performing the row?
168,What is the main focus of the Standing Resistance Band Row?
168,Can you give me the steps for performing this exercise correctly?
169,What is the primary equipment needed for performing the Dumbbell Lunge?
169,Which muscle groups are targeted while doing the Dumbbell Lunge?
169,Can you describe the step-by-step instructions for executing a Dumbbell Lunge?
169,Is the Dumbbell Lunge considered a strength exercise or an endurance exercise?
169,Which body part does the Dumbbell Lunge primarily focus on?
170,What is the primary muscle group targeted by the Reverse Curl exercise?
170,What type of grip should I use when holding the dumbbells for the Reverse Curl?
170,How should my feet be positioned during the Reverse Curl?
170,What type of exercise is the Reverse Curl classified as?
170,What equipment do I need to perform the Reverse Curl?
171,What type of exercise is a Banded Pull-Up?
171,What equipment do I need for performing a Banded Pull-Up?
171,Which body part does a Banded Pull-Up primarily target?
171,Can you explain how to perform a Banded Pull-Up?
171,What muscle groups are activated during a Banded Pull-Up?
172,What equipment do I need for the Cable Face Pull exercise?
172,Which muscles are primarily worked during the Cable Face Pull?
172,Can you provide a brief instruction for performing the Cable Face Pull?
172,Is the Cable Face Pull an upper body or lower body exercise?
172,What type of activity is the Cable Face Pull classified as?
173,What is the proper starting position for the Turkish Get-Up exercise?
173,Which muscle groups are primarily engaged during the Turkish Get-Up?
173,What type of equipment do I need to perform the Turkish Get-Up?
173,Can you explain the main steps involved in executing the Turkish Get-Up?
173,Is the Turkish Get-Up considered a strength exercise or a cardio exercise?
174,What equipment do I need to perform the Weighted Russian Twists exercise?
174,Which muscle groups are primarily targeted by the Weighted Russian Twists?
174,Can you describe the correct starting position for performing Weighted Russian Twists?
174,What is the key movement involved in the Weighted Russian Twists exercise?
174,Are there any specific instructions I should follow while doing Weighted Russian Twists?
175,What is the Cable Front Raise exercise primarily targeting?
175,Which type of equipment do I need for the Cable Front Raise?
175,What position should my arm be in at the peak of the Cable Front Raise?
175,Can you describe the starting position for the Cable Front Raise?
175,What type of activity is the Cable Front Raise classified as?
176,What is the main focus of the Reverse Crunch exercise?
176,Which muscles are primarily engaged during the Reverse Crunch?
176,How should I position my legs when performing a Reverse Crunch?
176,What is the correct way to lift my hips during this exercise?
176,"Is any equipment needed for the Reverse Crunch, or is it bodyweight?"
177,What is the main muscle group targeted by the Cable Tricep Kickback exercise?
177,Can you describe the setup needed for the Cable Tricep Kickback?
177,What type of activity is the Cable Tricep Kickback categorized as?
177,How do you perform the Cable Tricep Kickback correctly?
177,What equipment do I need to do the Cable Tricep Kickback?
178,What is the correct starting position for the Copenhagen Plank?
178,Which muscle groups are targeted when performing the Copenhagen Plank?
178,Do I need any equipment to perform the Copenhagen Plank?
178,How should my body be positioned during the hold in the Copenhagen Plank?
178,What body part does the Copenhagen Plank primarily focus on?
179,What equipment do I need to perform the Smith Machine Incline Press?
179,Which muscle groups are primarily worked when doing this exercise?
179,Can you explain the proper positioning for the Smith Machine Incline Press?
179,Is the Smith Machine Incline Press suitable for building strength in the upper body?
179,What is the correct way to execute the pressing motion in this exercise?
180,What is the main muscle group targeted by the Cable Lat Pulldown exercise?
180,Can you explain how to properly perform the Cable Lat Pulldown?
180,What type of equipment do I need for the Cable Lat Pulldown?
180,Is the Cable Lat Pulldown considered a pull exercise?
180,Which body part does the Cable Lat Pulldown primarily focus on?
181,What is the correct setup for performing a Cable Side Lunge on a cable machine?
181,Which muscle groups are primarily activated during the Cable Side Lunge exercise?
181,Can you provide me with detailed instructions on how to execute the Cable Side Lunge properly?
181,Is the Cable Side Lunge classified as a strength or cardio exercise?
181,What body part is specifically targeted when doing the Cable Side Lunge?
182,What muscles are targeted by the Dumbbell Bent-Over Row exercise?
182,What is the proper stance for performing the Dumbbell Bent-Over Row?
182,How should I position my body when doing the Dumbbell Bent-Over Row?
182,What type of workout does the Dumbbell Bent-Over Row fall under?
182,What type of equipment do I need for the Dumbbell Bent-Over Row?
183,What are the primary muscles worked during the Lateral Lunge?
183,Can you describe the proper technique for performing a Lateral Lunge?
183,Is any equipment necessary for the Lateral Lunge exercise?
183,What body part is primarily targeted when doing Lateral Lunges?
183,Is the Lateral Lunge considered a push or pull type of exercise?
184,What is the main muscle group targeted by the Seated Machine Row exercise?
184,Can you describe the proper form for performing the Seated Machine Row?
184,Is the Seated Machine Row primarily a pulling or pushing exercise?
184,What body part does the Seated Machine Row primarily target?
184,What type of equipment is used for the Seated Machine Row exercise?
185,What is the proper starting position for the Decline Russian Twist exercise?
185,Which muscle groups are primarily worked during the Decline Russian Twist?
185,Can you explain how to correctly perform the twisting motion in this exercise?
185,Do I need any equipment to perform the Decline Russian Twist?
185,"Is the Decline Russian Twist suitable for beginners, and what should they keep in mind?"
186,What is the primary equipment needed for the Deadlift High Pull exercise?
186,Which muscle groups are primarily activated during the Deadlift High Pull?
186,Can you explain the starting position for the Deadlift High Pull?
186,What type of exercise is the Deadlift High Pull considered?
186,How do I properly execute the movement during the Deadlift High Pull?
187,What is the Reverse Grip Lat Pulldown mainly targeting in terms of muscle groups?
187,Can you describe the proper way to perform the Reverse Grip Lat Pulldown?
187,What type of equipment do I need for the Reverse Grip Lat Pulldown exercise?
187,Is the Reverse Grip Lat Pulldown considered a pull exercise or a push exercise?
187,Which body part is primarily engaged during the Reverse Grip Lat Pulldown?
188,What is the primary equipment needed for the Cable Lateral Lunge exercise?
188,Which muscle groups are primarily engaged during the Cable Lateral Lunge?
188,Can you explain the correct setup for performing a Cable Lateral Lunge?
188,What type of exercise is the Cable Lateral Lunge classified as?
188,What body part does the Cable Lateral Lunge specifically target?
189,What is the starting position for the Pike Push-Up exercise?
189,Which muscle groups are primarily activated during the Pike Push-Up?
189,What type of equipment do I need for the Pike Push-Up?
189,How do I correctly perform the Pike Push-Up?
189,What body part does the Pike Push-Up target?
190,What is the starting position for the One-Arm Dumbbell Snatch exercise?
190,Which muscle groups are primarily activated when performing this exercise?
190,Can you explain the motion involved in executing the One-Arm Dumbbell Snatch?
190,What type of workout is the One-Arm Dumbbell Snatch categorized under?
190,Is this exercise targeted more towards strength training or endurance?
191,What type of exercise is the Cable Front Squat?
191,Which equipment do I need to perform the Cable Front Squat?
191,Which muscle groups does the Cable Front Squat target?
191,Can you explain the setup for the Cable Front Squat?
191,How do I properly perform the Cable Front Squat?
192,What is the primary exercise involved in the Tire Flip?
192,Which muscle groups are activated during the Tire Flip exercise?
192,What type of activity classification does the Tire Flip fall under?
192,What equipment is necessary to perform the Tire Flip?
192,Can you explain the basic instructions for executing a Tire Flip?
193,What is the proper setup for the Smith Machine Calf Raise exercise?
193,Which muscle groups does the Smith Machine Calf Raise primarily target?
193,Can you explain the movement pattern for the Smith Machine Calf Raise?
193,What equipment is required to perform the Smith Machine Calf Raise?
193,Is the Smith Machine Calf Raise considered a push exercise?
194,What body parts are primarily targeted by the Pistol Squat to Box exercise?
194,Can you describe the steps to perform the Pistol Squat to Box correctly?
194,What type of equipment do I need for the Pistol Squat to Box?
194,Is the Pistol Squat to Box considered a strength or cardio exercise?
194,Which muscle groups are activated during the Pistol Squat to Box?
195,What is the Standing Chest Fly primarily designed to strengthen?
195,Which equipment do I need to perform the Standing Chest Fly?
195,Can you describe the starting position for the Standing Chest Fly exercise?
195,What are the main muscle groups worked during the Standing Chest Fly?
195,Is the Standing Chest Fly considered a push type of exercise or a pull type?
196,What equipment do I need to perform the Sled Drag exercise?
196,Which muscle groups are activated during the Sled Drag?
196,Can the Sled Drag be done for both cardio and strength training?
196,Do I need to walk or run backwards while performing the Sled Drag?
196,What body parts are targeted when doing the Sled Drag?
197,What type of exercise is the Cable Hammer Curl?
197,Which muscle groups are primarily activated during this exercise?
197,What type of grip should I use when performing the Cable Hammer Curl?
197,What equipment do I need for the Cable Hammer Curl?
197,Can you explain the starting position for the Cable Hammer Curl?
198,What is the correct way to perform the Cable Tricep Overhead Extension?
198,Which body part does the Cable Tricep Overhead Extension primarily target?
198,What type of equipment is necessary for this exercise?
198,Is the Cable Tricep Overhead Extension classified as a push or pull exercise?
198,What muscle group is activated when performing the Cable Tricep Overhead Extension?
199,What is the primary muscle group targeted during the Seated Cable Row exercise?
199,What type of equipment is required for performing the Seated Cable Row?
199,What are the steps involved in executing the Seated Cable Row correctly?
199,Is the Seated Cable Row classified as a strength exercise or an aerobic exercise?
199,Which body part is primarily worked when doing the Seated Cable Row?
200,What position should I be in while performing the Lying Dumbbell Tricep Extension?
200,How do I start the movement for the Lying Dumbbell Tricep Extension?
200,What body part is primarily targeted by the Lying Dumbbell Tricep Extension?
200,What equipment do I need for the Lying Dumbbell Tricep Extension?
200,How do I return to the starting position after lowering the dumbbells?
201,What is the proper technique for performing a weighted pull-up?
201,Which muscle groups are primarily targeted during a weighted pull-up?
201,What equipment do I need for a weighted pull-up?
201,How do I ensure my chin goes above the bar while doing a weighted pull-up?
201,Is the weighted pull-up considered a strength exercise?
202,What type of exercise is the Incline Dumbbell Row?
202,Which body parts are focused on during the Incline Dumbbell Row?
202,What equipment do I need to perform the Incline Dumbbell Row?
202,Can you describe the instructions for executing the Incline Dumbbell Row?
202,What muscle groups does the Incline Dumbbell Row activate?
203,What body parts are primarily targeted by the Machine Lat Pulldown exercise?
203,Can you explain how to properly perform the Machine Lat Pulldown?
203,What type of exercise is the Machine Lat Pulldown classified as?
203,Which muscle groups are engaged during the Machine Lat Pulldown?
203,Do I need any special equipment to do the Machine Lat Pulldown?
204,What is the primary muscle group targeted during the One-Arm Cable Row exercise?
204,Which type of equipment is required to perform the One-Arm Cable Row?
204,Can you provide the correct posture or position for starting the One-Arm Cable Row?
204,Is the One-Arm Cable Row considered a pulling or pushing exercise?
204,What body part does the One-Arm Cable Row mainly focus on?
205,What is the primary equipment needed to perform a Face Pull exercise?
205,Which muscle groups are specifically targeted during the Face Pull?
205,Can you describe the proper form for executing a Face Pull?
205,Is the Face Pull exercise suitable for the upper body only?
205,What type of activity does the Face Pull exercise fall under?
206,What type of exercise is the Dumbbell Bench Press?
206,Which muscles are activated during this exercise?
206,Can I perform this exercise without a bench?
206,What equipment do I need to do the Dumbbell Bench Press?
206,How do I properly execute the Dumbbell Bench Press?
